condition,split,subset,metric,value
base_zs,val,ko,n_docs,10
base_zs,val,ko,n_missing_output,0
base_zs,val,ko,parse_rate,1.0000
base_zs,val,ko,schema_rate,0.6000
base_zs,val,ko,product_name_acc,0.9000
base_zs,val,ko,signal_word_acc,0.9000
base_zs,val,ko,ghs_status_acc,0.9000
base_zs,val,ko,hazard_status_acc,0.9000
base_zs,val,ko,ghs_p,0.4857
base_zs,val,ko,ghs_r,0.4146
base_zs,val,ko,ghs_f1,0.4474
base_zs,val,ko,hcode_p,0.8293
base_zs,val,ko,hcode_r,0.8293
base_zs,val,ko,hcode_f1,0.8293
base_zs,val,ko,htext_p,
base_zs,val,ko,htext_r,
base_zs,val,ko,htext_f1,
base_zs,val,ko,cas_p,1.0000
base_zs,val,ko,cas_r,0.8235
base_zs,val,ko,cas_f1,0.9032
base_zs,val,ko,pair_p,1.0000
base_zs,val,ko,pair_r,0.8235
base_zs,val,ko,pair_f1,0.9032
base_zs,val,ko,nocas_p,0.3750
base_zs,val,ko,nocas_r,1.0000
base_zs,val,ko,nocas_f1,0.5455
base_zs,val,ko,content_acc,1.0000
base_zs,val,ko,doc_exact_rate,0.3000
base_zs,val,ko,doc_exact_ext_rate,0.2000
base_zs,val,ko,fab_hcode_n,7
base_zs,val,ko,fab_hcode_docs,1
base_zs,val,ko,fab_ghs_docs,0
base_zs,val,ko,fab_cas_n,0
base_zs,val,ko,fab_any_docs,1
base_zs,val,ko,misplace_ke_n,1
base_zs,val,ko,misplace_content_n,0
base_zs,val,ko,gen_time_mean_s,26.4184
base_zs,val,ko,input_tokens_mean,2344.5000
base_zs,val,ko,output_tokens_mean,570
base_zs,val,ko,n_hit_max_new_tokens,0
base_fs,val,ko,n_docs,10
base_fs,val,ko,n_missing_output,0
base_fs,val,ko,parse_rate,1.0000
base_fs,val,ko,schema_rate,0.8000
base_fs,val,ko,product_name_acc,1.0000
base_fs,val,ko,signal_word_acc,0.9000
base_fs,val,ko,ghs_status_acc,0.9000
base_fs,val,ko,hazard_status_acc,0.9000
base_fs,val,ko,ghs_p,0.6047
base_fs,val,ko,ghs_r,0.6341
base_fs,val,ko,ghs_f1,0.6190
base_fs,val,ko,hcode_p,1.0000
base_fs,val,ko,hcode_r,1.0000
base_fs,val,ko,hcode_f1,1.0000
base_fs,val,ko,htext_p,0.0000
base_fs,val,ko,htext_r,0.0000
base_fs,val,ko,htext_f1,0.0000
base_fs,val,ko,cas_p,1.0000
base_fs,val,ko,cas_r,0.6765
base_fs,val,ko,cas_f1,0.8070
base_fs,val,ko,pair_p,1.0000
base_fs,val,ko,pair_r,0.6765
base_fs,val,ko,pair_f1,0.8070
base_fs,val,ko,nocas_p,0.3750
base_fs,val,ko,nocas_r,1.0000
base_fs,val,ko,nocas_f1,0.5455
base_fs,val,ko,content_acc,1.0000
base_fs,val,ko,doc_exact_rate,0.4000
base_fs,val,ko,doc_exact_ext_rate,0.4000
base_fs,val,ko,fab_hcode_n,0
base_fs,val,ko,fab_hcode_docs,0
base_fs,val,ko,fab_ghs_docs,0
base_fs,val,ko,fab_cas_n,0
base_fs,val,ko,fab_any_docs,0
base_fs,val,ko,misplace_ke_n,1
base_fs,val,ko,misplace_content_n,0
base_fs,val,ko,gen_time_mean_s,28.8259
base_fs,val,ko,input_tokens_mean,4685.5000
base_fs,val,ko,output_tokens_mean,599.6000
base_fs,val,ko,n_hit_max_new_tokens,0
