doc_id,status,section4_pattern,p_block_pattern,cut_page,char_count,token_count,h_code_before,h_code_after,note
EN-HENKEL-001,SUCCESS,^\s*SECTION\s*4\b,,3,3071,989,3,3,NO_P_BLOCK
KR-SAMHWA-001,NOT_FOUND,,,,9404,,1,0,4항 경계 미발견 — 수동 확인 필요
KR-SAMHWA-002,NOT_FOUND,,,,11493,,1,0,4항 경계 미발견 — 수동 확인 필요
KR-GSC-001,SUCCESS,^\s*4\s*[.\):]?\s*응급\s*[조처]치,^\s*[○◦\-•▷*\s]*예방\s*조치\s*문구\s*[:：]?\s*$,2,1117,762,1,0,
KR-KUMHO-001,SUCCESS,^\s*4\s*[.\):]?\s*응급\s*[조처]치,^\s*[○◦\-•▷*\s]*예방\s*조치\s*문구\s*[:：]?\s*$,2,1155,906,4,3,
KR-HANIL-001,SUCCESS,^\s*4\s*[.\):]?\s*응급\s*[조처]치,^\s*[○◦\-•▷*\s]*예방\s*조치\s*문구\s*[:：]?\s*$,2,1286,934,7,6,
KR-HANIL-002,SUCCESS,^\s*4\s*[.\):]?\s*응급\s*[조처]치,^\s*[○◦\-•▷*\s]*예방\s*조치\s*문구\s*[:：]?\s*$,2,1204,950,4,4,
KR-HANIL-003,SUCCESS,^\s*4\s*[.\):]?\s*응급\s*[조처]치,^\s*[○◦\-•▷*\s]*예방\s*조치\s*문구\s*[:：]?\s*$,3,1226,910,6,6,
KR-HANIL-004,SUCCESS,^\s*4\s*[.\):]?\s*응급\s*[조처]치,,2,1169,861,2,2,SECTION2_BOUNDARY_NOT_FOUND
KR-HANIL-005,SUCCESS,^\s*4\s*[.\):]?\s*응급\s*[조처]치,^\s*[○◦\-•▷*\s]*예방\s*조치\s*문구\s*[:：]?\s*$,2,712,552,4,4,
KR-HANIL-006,SUCCESS,^\s*4\s*[.\):]?\s*응급\s*[조처]치,^\s*[○◦\-•▷*\s]*예방\s*조치\s*문구\s*[:：]?\s*$,2,726,561,4,4,
EN-ALFA-001,SUCCESS,^\s*4\s*[.\)\-–]?\s+First\s*[-\s]?aid,^\s*[○◦\-•▷*\s]*Precautionary\s+statements?\s*[:：]?\s*$,2,1826,636,3,3,
KR-THERMO-001,SUCCESS,^\s*4\s*[.\):]?\s*응급\s*[조처]치,^\s*[○◦\-•▷*\s]*예방\s*조치\s*문구\s*[:：]?\s*$,2,1392,905,3,3,
KR-OCI-001,SUCCESS,^\s*4\s*[.\):]?\s*응급\s*[조처]치,^\s*\d\s*[.\)]\s*예방\s*조치\s*문구\s*[:：]?\s*$,4,1357,977,0,0,
KR-OCI-002,SUCCESS,^\s*4\s*[.\):]?\s*응급\s*[조처]치,,5,972,725,0,0,SECTION2_BOUNDARY_NOT_FOUND
KR-OCI-004,SUCCESS,^\s*4\s*[.\):]?\s*응급\s*[조처]치,,3,2475,1779,4,4,SECTION2_BOUNDARY_NOT_FOUND
KR-OCI-003,SUCCESS,^\s*4\s*[.\):]?\s*응급\s*[조처]치,,3,2541,1836,5,5,SECTION2_BOUNDARY_NOT_FOUND
KR-OCI-005,SUCCESS,^\s*4\s*[.\):]?\s*응급\s*[조처]치,,3,2693,2013,13,10,SECTION2_BOUNDARY_NOT_FOUND
KR-OCI-006,SUCCESS,^\s*4\s*[.\):]?\s*응급\s*[조처]치,^\s*[○◦\-•▷*\s]*예방\s*조치\s*문구\s*[:：]?\s*$,2,936,759,10,10,
KR-KCC-001,SUCCESS,^\s*4\s*[.\):]?\s*응급\s*[조처]치,^\s*[○◦\-•▷*\s]*예방\s*조치\s*문구\s*[:：]?\s*$,2,1487,1197,10,7,
EN-WD40-001,SUCCESS,^\s*4\s*[.\)\-–]?\s+First\s*[-\s]?aid,,2,2406,703,4,4,NO_P_BLOCK
KR-SOIL-001,SUCCESS,^\s*4\s*[.\):]?\s*응급\s*[조처]치,^\s*[○◦\-•▷*\s]*예방\s*조치\s*문구\s*[:：]?\s*$,3,1509,1068,13,7,
KR-ITW-001,SUCCESS,^\s*4\s*[.\):]?\s*응급\s*[조처]치,,2,2042,1525,6,6,NO_P_BLOCK
KR-KUMHO-002,SUCCESS,^\s*4\s*[.\):]?\s*응급\s*[조처]치,^\s*[○◦\-•▷*\s]*예방\s*조치\s*문구\s*[:：]?\s*$,1,678,513,0,0,
KR-KUMHO-003,SUCCESS,^\s*4\s*[.\):]?\s*응급\s*[조처]치,,2,1012,766,0,0,NO_P_BLOCK
KR-KUMHO-004,SUCCESS,^\s*4\s*[.\):]?\s*응급\s*[조처]치,,2,1087,812,0,0,NO_P_BLOCK
KR-KUMHO-005,SUCCESS,^\s*4\s*[.\):]?\s*응급\s*[조처]치,,2,951,738,0,0,NO_P_BLOCK
KR-BARTOLINE-001,SUCCESS,^\s*4\s*[.\):]?\s*응급\s*[조처]치,,2,1471,978,1,1,NO_P_BLOCK
KR-KUMHO-006,SUCCESS,^\s*4\s*[.\):]?\s*응급\s*[조처]치,,2,1348,1027,3,3,NO_P_BLOCK
KR-GSC-002,SUCCESS,^\s*4\s*[.\):]?\s*응급\s*[조처]치,^\s*[○◦\-•▷*\s]*예방\s*조치\s*문구\s*[:：]?\s*$,2,1235,831,0,0,
KR-CKP-001,SUCCESS,^\s*4\s*[.\):]?\s*응급\s*[조처]치,^\s*[○◦\-•▷*\s]*예방\s*조치\s*문구\s*[:：]?\s*$,3,2226,1559,10,10,
KR-SOTL-001,SUCCESS,^\s*4\s*[.\):]?\s*응급\s*[조처]치,,2,3409,1198,0,0,SECTION2_BOUNDARY_NOT_FOUND
KR-SIKA-001,SUCCESS,^\s*4\s*[.\):]?\s*응급\s*[조처]치,^\s*[○◦\-•▷*\s]*예방\s*조치\s*문구\s*[:：]?\s*$,3,1320,952,3,3,
EN-SIKA-001,SUCCESS,^\s*4\s*[.\)\-–]?\s+First\s*[-\s]?aid,^\s*[○◦\-•▷*\s]*Precautionary\s+statements?\s*[:：]?\s*$,2,1408,606,1,1,
KR-CKP-002,SUCCESS,^\s*4\s*[.\):]?\s*응급\s*[조처]치,^\s*[○◦\-•▷*\s]*예방\s*조치\s*문구\s*[:：]?\s*$,2,1012,744,1,1,
KR-CKP-003,SUCCESS,^\s*4\s*[.\):]?\s*응급\s*[조처]치,^\s*[○◦\-•▷*\s]*예방\s*조치\s*문구\s*[:：]?\s*$,3,2062,1368,8,8,
EN-3M-001,SUCCESS,^\s*SECTION\s*4\b,^\s*[○◦\-•▷*\s]*Precautionary\s+statements?\s*[:：]?\s*$,3,2817,917,0,0,
KR-NHCHEM-001,SUCCESS,^\s*4\s*[.\):]?\s*응급\s*[조처]치,^\s*[○◦\-•▷*\s]*예방\s*조치\s*문구\s*[:：]?\s*$,2,926,722,3,3,
KR-CHIPQUIK-001,SUCCESS,^\s*4\s*[.\):]?\s*응급\s*[조처]치,,3,3125,2213,9,9,SECTION2_BOUNDARY_NOT_FOUND
KR-NOROO-002,SUCCESS,^\s*4\s*[.\):]?\s*응급\s*[조처]치,^\s*\d\s*[.\)]\s*예방\s*조치\s*문구\s*[:：]?\s*$,2,871,688,0,0,
KR-NOROO-003,SUCCESS,^\s*4\s*[.\):]?\s*응급\s*[조처]치,^\s*\d\s*[.\)]\s*예방\s*조치\s*문구\s*[:：]?\s*$,1,694,549,0,0,
KR-NOROO-004,SUCCESS,^\s*4\s*[.\):]?\s*응급\s*[조처]치,^\s*[○◦\-•▷*\s]*예방\s*조치\s*문구\s*[:：]?\s*$,1,1085,792,3,3,
KR-ITW-002,SUCCESS,^\s*4\s*[.\):]?\s*응급\s*[조처]치,,2,1536,1153,4,4,NO_P_BLOCK
EN-APRINTA-001,SUCCESS,^\s*SECTION\s*4\b,^\s*[○◦\-•▷*\s]*Precautionary\s+statements?\s*[:：]?\s*$,2,2492,837,2,2,
KR-3DSYS-001,SUCCESS,^\s*4\s*[.\):]?\s*응급\s*[조처]치,,2,803,564,0,0,SECTION2_BOUNDARY_NOT_FOUND
KR-KCCSIL-001,SUCCESS,^\s*4\s*[.\):]?\s*응급\s*[조처]치,^\s*[○◦\-•▷*\s]*예방\s*조치\s*문구\s*[:：]?\s*$,1,571,403,0,0,
KR-NOROO-005,SUCCESS,^\s*4\s*[.\):]?\s*응급\s*[조처]치,,2,2381,1854,0,0,NO_P_BLOCK
KR-NOROO-006,SUCCESS,^\s*4\s*[.\):]?\s*응급\s*[조처]치,^\s*\d\s*[.\)]\s*예방\s*조치\s*문구\s*[:：]?\s*$,2,957,758,1,1,
EN-WD40-002,SUCCESS,^\s*4\s*[.\)\-–]?\s+First\s*[-\s]?aid,,2,2585,748,0,0,NO_P_BLOCK
KR-NOROO-001,SUCCESS,^\s*4\s*[.\):]?\s*응급\s*[조처]치,^\s*\d\s*[.\)]\s*예방\s*조치\s*문구\s*[:：]?\s*$,1,659,497,5,5,
