문서ID,필드,값,원문 그대로 복사,쪽,항,비고
KR-NOROO-006,제품명,큐피트 SG-3000(N) 아스팔트 슁글 방수재 중상도 (흑적색),가.제품명 : 큐피트 SG-3000(N) 아스팔트 슁글 방수재 중상도 (흑적색),1,1,[수정] 문서ID KO-001 → KR-NOROO-006 (sources.csv 기준)
KR-NOROO-006,GHS분류,심한 눈 손상 또는 자극성물질 2A,가. 유해성·위험성 분류 : 심한 눈 손상 또는 자극성물질 2A,1,2,"원문 표기 그대로. 고시 표준 표기는 ""심한 눈 손상 또는 자극성""이지만 고치지 않음"
KR-NOROO-006,신호어,경고,2) 신호어 : 경고,1,2,
KR-NOROO-006,유해위험문구,H319 눈에 심한 자극을 일으킴,3) 유해·위험문구 : H319 눈에 심한 자극을 일으킴,1,2,문구 1개뿐
KR-NOROO-006,제품명,큐피트 SG-3000(N) 아스팔트 싱글 방수재 중상도 (흑적색),가.제품명 : 큐피트 SG-3000(N) 아스팔트 슁글 방수재 중상도 (흑적색),1,1,
KR-NOROO-006,GHS분류,심한 눈 손상 또는 자극성물질 2A,가. 유해성·위험성 분류 : 심한 눈 손상 또는 자극성물질 2A,1,2,
KR-NOROO-006,신호어,경고,경고,1,2,
KR-NOROO-006,유해위험문구, H319 눈에 심한 자극을 일으킴, H319 눈에 심한 자극을 일으킴,1,2,
KR-KUMHO-001,제품명, SOL-6220E,가. 제품명 - SOL-6220E,1,1,
KR-KUMHO-001,GHS분류,급성 독성(흡입: 분진/미스트) : 구분4, - 급성 독성(흡입: 분진/미스트) : 구분4,1,2,
KR-KUMHO-001,GHS분류,특정표적장기 독성(반복 노출) : 구분2,- 특정표적장기 독성(반복 노출) : 구분2,1,2,
KR-KUMHO-001,GHS분류,흡인 유해성 : 구분1,- 흡인 유해성 : 구분1,1,2,
KR-KUMHO-001,신호어,위험 ,- 위험,1,2,
KR-KUMHO-001,유해위험문구,H304 삼켜서 기도로 유입되면 치명적일 수 있음,- H304 삼켜서 기도로 유입되면 치명적일 수 있음,1,2,
KR-KUMHO-001,유해위험문구,H332 흡입하면 유해함,- H332 흡입하면 유해함,1,2,
KR-KUMHO-001,유해위험문구,H373 장기간 또는 반복노출 되면 장기(피부)에 손상을 일으킬 수 있음,- H373 장기간 또는 반복노출 되면 장기(피부)에 손상을 일으킬 수 있음,1,2,
KR-SAMHWA-001,제품명,아크로텍스 잉크 흑색,아크로텍스 잉크 흑색,,,13050036-11_아크로텍스 잉크 흑색_GHS국문.pdf
KR-SAMHWA-001,유해위험문구,H315 피부에 자극을 일으킴,H315 피부에 자극을 일으킴,,,
KR-SAMHWA-001,신호어,경고,경고,,,
KR-SAMHWA-001,GHS분류,피부 부식성/피부 자극성 : 구분 2,① 피부 부식성/피부 자극성 - 구분 2,,,
KR-SAMHWA-002,제품명,슈퍼레진 09110 ,슈퍼레진 09110 ,1,1,13220445-1_슈퍼레진 09110_GHS국문.pdf
KR-SAMHWA-002,GHS분류,피부 부식성/피부 자극성 : 구분 2,① 피부 부식성/피부 자극성 - 구분 2,1,2,
KR-SAMHWA-002,신호어,경고,경고,1,2,
KR-SAMHWA-002,유해위험문구,H315 피부에 자극을 일으킴,H315 피부에 자극을 일으킴,1,2,
KR-GSC-001,제품명,Kixx RD HD 46(구 Rando HD 46),Kixx RD HD 46(구 Rando HD 46),1,1,1563415800689l1TrRckvDivg3w9Qw-2152768.pdf
KR-GSC-001,GHS분류,해당없음,- 해당없음,1,2,
KR-GSC-001,유해위험문구,해당없음,- 해당없음,1,2,
KR-GSC-001,신호어,해당없음,- 해당없음,1,2,
KR-HANIL-001,제품명,레미픽스 17000W,가. 제품명 : 레미픽스 17000W,1,1,A20230516171033_5
KR-HANIL-001,GHS분류,자료없음 ,가. 유해.위험성 분류,1,2,분류없음 - 분류란이 건강영향 서술문
KR-HANIL-001,신호어,경고,◦신호어 : 경고,1,2,
KR-HANIL-001,유해위험문구,H290 금속을 부식시킬 수 있음,- H290 금속을 부식시킬 수 있음,1,2,
KR-HANIL-001,유해위험문구,H302 삼키면 유해함,- H302 삼키면 유해함,1,2,
KR-HANIL-001,유해위험문구,H312 피부와 접촉하면 유해함,- H312 피부와 접촉하면 유해함,1,2,
KR-HANIL-001,유해위험문구,H315 피부에 자극을 일으킴,- H315 피부에 자극을 일으킴,1,2,
KR-HANIL-001,유해위험문구,H319 눈에 심한 자극을 일으킴,- H319 눈에 심한 자극을 일으킴,1,2,
KR-HANIL-001,유해위험문구,H335 호흡기계 자극을 일으킬 수 있음,- H335 호흡기계 자극을 일으킬 수 있음,1,2,
KR-HANIL-002,제품명,레미픽스 에폭시,"가. 제품명 : 레미픽스 에폭시(친환경, 주제)",1,1,A20250121153940_5
KR-HANIL-002,GHS분류,피부 부식성/피부 자극성 : 구분2,◦ 피부 부식성/피부 자극성 : 구분2,1,2,
KR-HANIL-002,GHS분류,심한 눈 손상성/눈 자극성 : 구분2,◦ 심한 눈 손상성/눈 자극성 : 구분2,1,2,
KR-HANIL-002,GHS분류,피부 과민성 : 구분1,◦ 피부 과민성 : 구분1,1,2,
KR-HANIL-002,GHS분류,발암성 : 구분2,◦ 발암성 : 구분2,1,2,
KR-HANIL-002,GHS분류,특정표적장기 독성(1회 노출) : 구분3(호흡기계 자극),◦특정표적장기 독성(1회 노출) : 구분3(호흡기계 자극),1,2,
KR-HANIL-002,GHS분류,특정표적장기 독성(반복 노출) : 구분2,◦특정표적장기 독성(반복 노출) : 구분2,1,2,
KR-HANIL-002,신호어,경고,◦신호어 : 경고,1,2,
KR-HANIL-002,유해위험문구,H315 피부에 자극을 일으킴,- H315 피부에 자극을 일으킴,1,2,
KR-HANIL-002,유해위험문구,H317 알레르기성 피부 반응을 일으킬 수 있음,- H317 알레르기성 피부 반응을 일으킬 수 있음,1,2,
KR-HANIL-002,유해위험문구,H319 눈에 심한 자극을 일으킴,- H319 눈에 심한 자극을 일으킴,1,2,
KR-HANIL-002,유해위험문구,H351 암을 일으킬 것으로 의심됨,- H351 암을 일으킬 것으로 의심됨,1,2,
KR-THERMO-001,제품명,Acetone,제품 설명: Acetone,1,1,Acetone_MTR_KOSD_KO
KR-THERMO-001,GHS분류,인화성 액체 : 구분 2,인화성 액체 구분 2,1,2,"[수정] 이 문서 GHS분류에 있던 ""자료없음"" 행 삭제 — 분류 3건이 기재돼 있음"
KR-THERMO-001,GHS분류,심한 눈 손상성/눈 자극성 : 구분 2,심한 눈 손상성/눈 자극성 구분 2,1,2,
KR-THERMO-001,GHS분류,특정표적장기 독성 (1회 노출) : 구분 3,특정표적장기 독성 (1회 노출) 구분 3,1,2,
KR-THERMO-001,신호어,위험,신호어 위험 ,2,2,
KR-THERMO-001,유해위험문구,H225 고인화성 액체 및 증기,H225 - 고인화성 액체 및 증기,2,2,
KR-THERMO-001,유해위험문구,H319 눈에 심한 자극을 일으킴,H319 - 눈에 심한 자극을 일으킴,2,2,
KR-THERMO-001,유해위험문구,H336 졸음 또는 현기증을 일으킬 수 있음,H336 - 졸음 또는 현기증을 일으킬 수 있음,2,2,
KR-GSC-002,제품명,Kixx PAO 1 SN 0W-30,- Kixx PAO 1 SN 0W-30,1,1,MSDS_Kixx PAO 1 SN 0W-30_ko_3.0
KR-GSC-002,GHS분류,해당없음,- 해당없음,1,2,
KR-GSC-002,유해위험문구,해당없음,- 해당없음,1,2,
KR-GSC-002,신호어,해당없음,- 해당없음,1,2,
KR-HANIL-005,제품명,고로슬래그 시멘트,가. 제품명 고로슬래그 시멘트 (2종),1,1,A20260630095020_5
KR-HANIL-005,GHS분류,피부 부식성/피부 자극성 : 구분1,가.유해성·위험성 분류 피부 부식성/피부 자극성 : 구분1,1,2,
KR-HANIL-005,GHS분류,심한 눈 손상성/눈 자극성 : 구분1,심한 눈 손상성/눈 자극성 : 구분1,1,2,
KR-HANIL-005,GHS분류,특정표적장기 독성(1회 노출) : 구분3(호흡기계 자극),특정표적장기 독성(1회 노출) : 구분3(호흡기계 자극),1,2,
KR-HANIL-005,GHS분류,흡인 유해성 : 구분1,흡인 유해성 : 구분1,1,2,[수정] 행 추가 — 누락. 원문 PDF 2항에 있음(H304와 짝)
KR-HANIL-005,신호어,위험,신호어 위험,1,2,
KR-HANIL-005,유해위험문구,H304 삼켜서 기도로 유입되면 치명적일 수 있음,H304 삼켜서 기도로 유입되면 치명적일 수 있음,1,2,
KR-HANIL-005,유해위험문구,H314 피부에 심한 화상과 눈 손상을 일으킴,H314 피부에 심한 화상과 눈 손상을 일으킴,1,2,
KR-HANIL-005,유해위험문구,H318 눈에 심한 손상을 일으킴,H318 눈에 심한 손상을 일으킴,1,2,
KR-HANIL-005,유해위험문구,H335 호흡기계 자극을 일으킬 수 있음,H335 호흡기계 자극을 일으킬 수 있음,1,2,
