hazard_class_norm,category,signal_word,expected_h_codes,source,note
고압가스,냉동액화가스,경고,H281,standard,
고압가스,압축가스,경고,H280,standard,
고압가스,액화가스,경고,H280,standard,가스 자체는 경고. 관측된 '위험'은 같은 문서의 산화성 가스 구분1 때문(오염)
고압가스,용해가스,경고,H280,standard,
금속부식성 물질,구분 1,경고,H290,standard,GHS는 금속부식성을 경고로만 규정. 관측된 '위험'은 같은 문서의 피부/눈 부식성 구분1 때문(오염)
급성 독성(경구),구분 1,위험,H300,standard,
급성 독성(경구),구분 2,위험,H300,standard,
급성 독성(경구),구분 3,위험,H301,standard,
급성 독성(경구),구분 4,경고,H302,standard,
급성 독성(경구),구분 5,경고,H303,observed,KR-NEOGEN-001 순수 관측
급성 독성(경피),구분 1,위험,H310,standard,
급성 독성(경피),구분 2,위험,H310,standard,
급성 독성(경피),구분 3,위험,H311,standard,
급성 독성(경피),구분 4,경고,H312,standard,
급성 독성(경피),구분 5,경고,H313,standard,
급성 독성(흡입),구분 1,위험,H330,standard,"물리형태(가스·증기·분진/미스트) 무관, hazard_class_alias.csv 비고와 동일 원칙"
급성 독성(흡입),구분 2,위험,H330,standard,
급성 독성(흡입),구분 3,위험,H331,standard,
급성 독성(흡입),구분 4,경고,H332,standard,
급성 독성(흡입),구분 5,경고,H333,observed,KR-CKP-002 순수 관측
급성 수생환경 유해성,구분 1,경고,H400,standard,수생환경 유해성은 '위험'을 쓰지 않음(관측 데이터 전부 경고/해당없음과 일치)
급성 수생환경 유해성,구분 2,,H401,standard,"국내에서 거의 쓰이지 않음, 신호어 없음"
급성 수생환경 유해성,구분 3,,H402,standard,"국내에서 거의 쓰이지 않음, 신호어 없음"
만성 수생환경 유해성,구분 1,경고,H410,standard,
만성 수생환경 유해성,구분 2,경고,H411,standard,
만성 수생환경 유해성,구분 3,,H412,observed,EN-SIKA-001: 신호어 해당없음 + H412가 정상 조합(review notes 확정 사항)
만성 수생환경 유해성,구분 4,,H413,observed,
발암성,구분 1A,위험,H350,standard,
발암성,구분 1B,위험,H350,standard,
발암성,구분 2,경고,H351,standard,
산화성 가스,구분 1,위험,H270,observed,KR-OCI-005 순수 관측과 일치
생식독성,구분 1A,위험,H360|H360FD,standard,
생식독성,구분 1B,위험,H360|H360FD,standard,
생식독성,구분 2,경고,H361,standard,
생식세포 변이원성,구분 1A,위험,H340,standard,
생식세포 변이원성,구분 1B,위험,H340,standard,
생식세포 변이원성,구분 2,경고,H341,standard,
심한 눈 손상성/눈 자극성,구분 1,위험,H318,standard,
심한 눈 손상성/눈 자극성,구분 2,경고,H319,standard,EN-HENKEL-001 순수 관측(경고)으로 확인. 국내 표기 '2A'도 동일
심한 눈 손상성/눈 자극성,구분 2A,경고,H319,standard,"국내 세부구분, 구분2와 동일 취급"
액화가스,액화가스,경고,H280,standard,표기가 '고압가스' 대신 '액화가스'로만 쓰인 문서용
에어로졸,구분 1,위험,H222|H229,observed,EN-3M-001·EN-WD40-001 순수 관측(인화성 에어로졸)
에어로졸,구분 2,경고,H223|H229,standard,
에어로졸,구분 3,,H223,standard,신호어 없음
인화성 액체,구분 1,위험,H224,standard,
인화성 액체,구분 2,위험,H225,standard,
인화성 액체,구분 3,경고,H226,standard,KR-NOROO-001은 이 조합에서 신호어가 위험으로 어긋나는 의도적 모순 테스트 문서
인화성 액체,구분 4,경고,H227,standard,
특정표적장기 독성(1회 노출),구분 1,위험,H370,standard,
특정표적장기 독성(1회 노출),구분 2,경고,H371,standard,
특정표적장기 독성(1회 노출),구분 3,경고,H335|H336,observed,호흡기 자극(H335)·마취 효과(H336) 중 하나 이상. 둘 다 있어도 정상(KR-SOIL-001 A6 참고)
특정표적장기 독성(반복 노출),구분 1,위험,H372,standard,
특정표적장기 독성(반복 노출),구분 2,경고,H373,observed,다수 문서에서 순수 관측
피부 과민성,구분 1,경고,H317,standard,GHS는 피부과민성 1을 경고로 규정. 1A/1B 포함
피부 부식성/피부 자극성,구분 1,위험,H314,standard,1A/1B/1C 세부구분 모두 포함
피부 부식성/피부 자극성,구분 2,경고,H315,standard,EN-HENKEL-001 순수 관측(경고)으로 확인
흡인 유해성,구분 1,위험,H304,standard,
흡인 유해성,구분 2,경고,H305,standard,국내에서 거의 쓰이지 않음
수유독성,,경고,H362,standard,구분 번호 없는 추가 구분. category는 null
