h_code,phrase_ko,accepted_variants
H222,Extremely Flammable Aerosol,
H224,극인화성 액체 및 증기,
H225,고인화성 액체 및 증기,Highly flammable liquid and vapor|Highly flammable liquid and vapour|고인화성 액체 또는 증기
H226,인화성 액체 또는 증기,인화성 액체 및 증기
H227,가연성 액체,
H229,Pressurized container: may burst if heated,
H270,화재를 일으키거나 강렬하게 함 ; 산화제,
H280,고압가스 포함 ; 가열하면 폭발할 수 있음,
H290,금속을 부식시킬 수 있음,
H301,삼키면 유독함,
H302,삼키면 유해함,
H302+H312+H332,"삼키거나, 피부에 접촉하거나 흡입하면 유해함",
H303,삼키면 유해할 수 있음,
H303+H313,삼키거나 피부에 접촉하면 유해할 수 있음,
H304,삼켜서 기도로 유입되면 치명적일 수 있음,May be fatal if swallowed and enters airways
H311,피부와 접촉하면 유독함,
H312,피부와 접촉하면 유해함,(경피)피부와 접촉하면 유해함
H313,피부와 접촉하면 유해할 수 있음,
H314,피부에 심한 화상과 눈 손상을 일으킴,피부에 심한 화상과 눈에 손상을 일으킴
H315,피부에 자극을 일으킴,Causes skin irritation|피부에 자극을 일으킵니다
H317,알레르기성 피부 반응을 일으킬 수 있음,알레르기성 피부 반응을 일으킬 수 있습니다
H318,눈에 심한 손상을 일으킴,
H319,눈에 심한 자극을 일으킴,Causes serious eye irritation
H330,흡입하면 치명적임,
H331,흡입하면 유독함,
H332,흡입하면 유해함,(증기)흡입하면 유해함
H333,흡입하면 유해할 수 있음,
H335,호흡기계 자극을 일으킬 수 있음,May cause respiratory irritation|호흡기 자극을 일으킬 수 있음
H336,졸음 또는 현기증을 일으킬 수 있음,May cause drowsiness or dizziness
H340,유전적인 결함을 일으킬 수 있음(원료별 ‘11. 독성에 관한 정보’에 표기된 특정장기에 영향을 끼침),유전적인 결함을 일으킬 수 있음(원료별 `11. 독성에 관한 정보’에 표기된 특정장기에 영향을 끼침)
H341,유전적인 결함을 일으킬 것으로 의심됨,
H350,암을 일으킬 수 있음(경피),암을 일으킬 수 있음|암을 일으킬 수 있음(원료별 '11. 독성에 관한 정보’에 표기된 특정장기에 영향을 끼침)|암을 일으킬 수 있음(원료별 `11. 독성에 관한 정보’에 표기된 특정장기에 영향을 끼침)
H351,암을 일으킬 것으로 의심됨,
H360,태아 또는 생식능력에 손상을 일으킬 수 있음,
H360FD,생식 능력에 손상을 줄 수 있습니다. 태아에게 손상을 줄 수 있습니다,
H361,태아 또는 생식능력에 손상을 일으킬 것으로 의심됨(원료별 ‘11. 독성에 관한 정보’에 표기된 특정장기에 영향을 끼침),태아 또는 생식능력에 손상을 일으킬 것으로 의심됨
H362,모유를 먹는 아이에게 유해할 수 있음,
H371,장기에 손상을 일으킬 수 있음,
H372,장기간 또는 반복노출 되면 신체 중 장기에 손상을 일으킬 수 있음. (11 항 참조(MSDS)),장기간 또는 반복노출 되면 장기에 손상을 일으킴
H373,장기간 또는 반복노출 되면 장기(피부)에 손상을 일으킬 수 있음,"장기간 또는 반복 노출되면 장기(조혈계)에 손상을 일으킬 수 있습니다|장기간 또는 반복노출 되면 신체 중 장기에 손상을 일으킬 수 있음(11 항 참조(MSDS))|장기간 또는 반복노출 되면 신체 중에 손상을 일으킬 수 있음|장기간 또는 반복노출 되면 장기(영향을 받는 것으로 알려진 모든 장기를 명시한다.)에 손상을 일으킬 수 있음(특정표적장기독성(반복노출)을 일으키는 노출 경로를 기재. 단, 다른 노출 경로에 의해 특정표적장기독성(반복노출)을 일으키지 않는다는 결정적인 증거가 있는 경우에 한한다.)|장기간 또는 반복노출 되면 장기에 손상을 일으킬 수 있음|장기간 또는 반복노출 되면 장기에 손상을 일으킬 수 있음(원료별 ‘11. 독성에 관한 정보’에 표기된 특정장기에 영향을 끼침)"
H400,수생생물에 매우 유독함,
H410,장기적인 영향에 의해 수생생물에게 매우 유독함,
H411,장기적인 영향에 의해 수생생물에게 유독함,
H412,장기적인 영향에 의해 수생생물에게 유해함,Harmful to aquatic life with long lasting effects|장기적 영향에 의해 수생생물에 유해함|장기적 영향에 의해 수생생물에게 유해함
H413,장기적인 영향에 의해 수생생물에 유해의 우려가 있음음,
