epoch,step,lr,train_loss,val_loss,elapsed_s
1,1,1.00e-04,0.1004,,59
1,2,2.00e-04,0.0758,,126
1,3,2.00e-04,0.0840,,188
1,4,2.00e-04,0.0536,,254
1,5,2.00e-04,0.0532,,314
1,6,1.99e-04,0.0333,,384
1,7,1.98e-04,0.0270,,451
1,8,1.97e-04,0.0292,,511
1,9,1.96e-04,0.0192,,575
1,10,1.95e-04,0.0185,,653
1,11,1.93e-04,0.0240,,720
1,12,1.91e-04,0.0149,,785
1,13,1.90e-04,0.0263,,851
1,14,1.87e-04,0.0131,,914
1,15,1.85e-04,0.0105,,981
1,16,1.82e-04,0.0148,,1051
1,17,1.80e-04,0.0088,,1110
1,18,1.77e-04,0.0090,,1175
1,19,1.74e-04,0.0078,,1243
1,20,1.71e-04,0.0089,,1312
1,21,1.67e-04,0.0113,,1369
1,22,1.64e-04,0.0075,,1429
1,23,1.60e-04,0.0152,,1496
1,24,1.57e-04,0.0050,,1550
1,25,1.53e-04,0.0033,,1611
1,26,1.49e-04,0.0069,,1681
1,27,1.45e-04,0.0045,,1745
1,28,1.40e-04,0.0050,,1808
1,29,1.36e-04,0.0035,,1870
1,30,1.32e-04,0.0012,,1929
1,31,1.27e-04,0.0102,,1988
1,32,1.23e-04,0.0028,,2054
1,33,1.18e-04,0.0020,,2119
1,34,1.14e-04,0.0094,,2178
1,35,1.09e-04,0.0028,,2239
1,35,,,0.0224,2352
2,36,1.05e-04,0.0019,,2412
2,37,1.00e-04,0.0013,,2482
2,38,9.54e-05,0.0016,,2551
2,39,9.08e-05,0.0026,,2617
2,40,8.62e-05,0.0022,,2686
2,41,8.16e-05,0.0051,,2751
2,42,7.71e-05,0.0015,,2817
2,43,7.26e-05,0.0006,,2879
2,44,6.82e-05,0.0012,,2944
2,45,6.39e-05,0.0006,,3005
2,46,5.96e-05,0.0010,,3074
2,47,5.54e-05,0.0009,,3135
2,48,5.13e-05,0.0011,,3193
2,49,4.74e-05,0.0006,,3254
2,50,4.35e-05,0.0010,,3316
2,51,3.97e-05,0.0006,,3377
2,52,3.61e-05,0.0006,,3435
2,53,3.26e-05,0.0011,,3498
2,54,2.93e-05,0.0009,,3552
2,55,2.61e-05,0.0030,,3618
2,56,2.31e-05,0.0038,,3686
2,57,2.02e-05,0.0005,,3747
2,58,1.75e-05,0.0006,,3809
2,59,1.50e-05,0.0033,,3875
2,60,1.26e-05,0.0005,,3939
2,61,1.05e-05,0.0005,,4003
2,62,8.52e-06,0.0004,,4066
2,63,6.75e-06,0.0004,,4126
2,64,5.18e-06,0.0005,,4188
2,65,3.82e-06,0.0022,,4253
2,66,2.66e-06,0.0004,,4308
2,67,1.70e-06,0.0007,,4367
2,68,9.59e-07,0.0033,,4427
2,69,4.27e-07,0.0021,,4482
2,70,1.07e-07,0.0020,,4558
2,70,,,0.0259,4657
