doc_id,split,lang,form,manufacturer,split_group,note
KR-HANIL-001,train,ko,현행,한일시멘트,HANIL,
KR-HANIL-002,train,ko,현행,한일시멘트,HANIL,
KR-HANIL-003,train,ko,현행,한일시멘트,HANIL,
KR-HANIL-004,train,ko,현행,한일시멘트,HANIL,
KR-HANIL-005,train,ko,현행,한일시멘트,HANIL,
KR-HANIL-006,train,ko,현행,한일시멘트,HANIL,
KR-ITW-001,val,ko,수입품 국문판,ITW Performance Polymers,ITW,
KR-ITW-002,val,ko,수입품 국문판,ITW Performance Polymers,ITW,
KR-KUMHO-001,train,ko,현행,금호석유화학,KUMHO,
KR-KUMHO-002,train,ko,현행,금호석유화학,KUMHO,"few-shot 후보(해당없음 사례, 입력 짧음)"
KR-KUMHO-003,train,ko,현행,금호석유화학,KUMHO,
KR-KUMHO-004,train,ko,현행,금호석유화학,KUMHO,
KR-KUMHO-005,train,ko,현행,금호석유화학,KUMHO,
KR-KUMHO-006,train,ko,현행,금호석유화학,KUMHO,
KR-NOROO-001,train,ko,구서식,노루페인트,NOROO,구서식 Train 2건 중 1건
KR-NOROO-004,train,ko,현행,노루페인트,NOROO,사전 검증 real-02 → Test 제외. few-shot 후보(v5 스키마 예시 문서)
KR-NOROO-005,train,ko,구서식,노루케미칼,NOROO,사전 검증 real-03 → Test 제외. 구서식 Train 2건 중 1건
KR-OCI-001,train,ko,현행,OCI,OCI,
KR-OCI-002,train,ko,현행,OCI,OCI,
KR-OCI-003,train,ko,현행,OCI,OCI,
KR-OCI-004,train,ko,현행,OCI,OCI,
KR-OCI-005,train,ko,현행,OCI,OCI,
KR-OCI-006,train,ko,현행,OCI,OCI,
KR-THERMO-001,train,ko,수입품 국문판,한국피셔과학,ACETONE-PAIR,사전 검증 real-01 → Test 제외. 영문 쌍 EN-ALFA-001은 val_en
KR-GSC-001,val,ko,현행,GS칼텍스,GSC,
KR-GSC-002,val,ko,현행,GS칼텍스,GSC,
KR-KCC-001,val,ko,현행,KCC,KCC,
KR-NHCHEM-001,val,ko,현행,남해화학,NHCHEM,
EN-3M-001,test,en,영문,3M,3M,
EN-HENKEL-001,test,en,영문,Henkel,HENKEL,
EN-SIKA-001,test,en,영문,Sika Korea,SIKA,국문 KR-SIKA-001과 같은 회사 → 둘 다 test
EN-WD40-001,test,en,영문,WD-40,WD40,EN-WD40-002와 같은 제품군(H코드 있음 판)
EN-WD40-002,test,en,영문,WD-40,WD40,EN-WD40-001과 같은 제품군(H코드 없음 판)
KR-3DSYS-001,test,ko,수입품 국문판,3D Systems,3DSYS,
KR-BARTOLINE-001,test,ko,수입품 국문판,Bartoline,BARTOLINE,
KR-CHIPQUIK-001,test,ko,수입품 국문판,Chip Quik,CHIPQUIK,
KR-CKP-001,test,ko,현행,조광페인트,CKP,
KR-CKP-002,test,ko,현행,조광페인트,CKP,
KR-CKP-003,test,ko,현행,조광페인트,CKP,
KR-KCCSIL-001,test,ko,현행,KCC실리콘,KCCSIL,
KR-NOROO-002,test,ko,구서식,노루페인트,NOROO,구서식 예외: 제조사는 봤지만 제품은 처음
KR-NOROO-003,test,ko,구서식,노루페인트,NOROO,구서식 예외: 제조사는 봤지만 제품은 처음
KR-NOROO-006,test,ko,구서식,노루페인트,NOROO,구서식 예외: 제조사는 봤지만 제품은 처음
KR-SAMHWA-001,test,ko,현행,삼화페인트,SAMHWA,
KR-SAMHWA-002,test,ko,현행,에스피삼화,SAMHWA,
KR-SIKA-001,test,ko,현행,씨카코리아,SIKA,
KR-SOIL-001,test,ko,현행,S-OIL,SOIL,
KR-SOTL-001,test,ko,현행,에쓰-오일토탈윤활유,SOTL,
EN-ALFA-001,val_en,en,영문,Alfa Aesar,ACETONE-PAIR,국문 쌍 KR-THERMO-001이 train이라 test 불가 → 영문 파이프라인 점검용
EN-APRINTA-001,val_en,en,영문,AprintaPro,APRINTA,영문 파이프라인 점검용(EU REACH 양식)
